PDB,PDB Species,Frame Germline,Frame %,CDR Germline,CDR1 Cluster,CDR1 Sequence,CDR1 Len,CDR1 %,CDR2 Cluster,CDR2 Sequence,CDR2 Len,CDR2 %,CDR3 Cluster,CDR3 Sequence,CDR3 Len
1G9MH,Homo.sapiens,Hu_IGHV1-69*02,84.9,Hu_IGHV1-69*02,H1-13-1,KASGDTFIRYSFT,13,53.8,H2-10-1,RIITILDVAH,10,60,H3-21-*,AGVYEGEADEGEYRNNGFLKH,21
1G9NH,Homo.sapiens,Hu_IGHV1-69*02,84.9,Hu_IGHV1-69*02,H1-13-1,KASGDTFIRYSFT,13,53.8,H2-10-1,RIITILDVAH,10,60,H3-21-*,AGVYEGEADEGEYRNNGFLKH,21
1GC1H,Homo.sapiens,Hu_IGHV1-69*02,84.9,Hu_IGHV1-69*02,H1-13-1,KASGDTFIRYSFT,13,53.8,H2-10-1,RIITILDVAH,10,60,H3-21-*,AGVYEGEADEGEYDNNGFLKH,21
1RZ8B,Homo.sapiens,Hu_IGHV1-69*02,84.9,Hu_IGHV1-69*02,H1-13-1,KASGDTFIRYSFT,13,53.8,H2-10-1,RIITILDVAH,10,60,H3-21-*,AGVYEGEADEGEYDNNGFLKH,21
1RZ8D,Homo.sapiens,Hu_IGHV1-69*02,84.9,Hu_IGHV1-69*02,H1-13-1,KASGDTFIRYSFT,13,53.8,H2-10-1,RIITILDVAH,10,60,H3-21-*,AGVYEGEADEGEYDNNGFLKH,21
1RZJH,Homo.sapiens,Hu_IGHV1-69*02,84.9,Hu_IGHV1-69*02,H1-13-1,KASGDTFIRYSFT,13,53.8,H2-10-1,RIITILDVAH,10,60,H3-21-*,AGVYEGEADEGEYDNNGFLKH,21
1RZKH,Homo.sapiens,Hu_IGHV1-69*02,84.9,Hu_IGHV1-69*02,H1-13-1,KASGDTFIRYSFT,13,53.8,H2-10-1,RIITILDVAH,10,60,H3-21-*,AGVYEGEADEGEYDNNGFLKH,21
1YYLH,Homo.sapiens,Hu_IGHV1-69*02,84.9,Hu_IGHV1-69*02,H1-13-1,KASGDTFIRYSFT,13,53.8,H2-10-1,RIITILDVAH,10,60,H3-21-*,AGVYEGEADEGEYDNNGFLKH,21
1YYLR,Homo.sapiens,Hu_IGHV1-69*02,84.9,Hu_IGHV1-69*02,H1-13-1,KASGDTFIRYSFT,13,53.8,H2-10-1,RIITILDVAH,10,60,H3-21-*,AGVYEGEADEGEYDNNGFLKH,21
1YYMH,Homo.sapiens,Hu_IGHV1-69*02,84.9,Hu_IGHV1-69*02,H1-13-1,KASGDTFIRYSFT,13,53.8,H2-10-1,RIITILDVAH,10,60,H3-21-*,AGVYEGEADEGEYDNNGFLKH,21
1YYMR,Homo.sapiens,Hu_IGHV1-69*02,84.9,Hu_IGHV1-69*02,H1-13-1,KASGDTFIRYSFT,13,53.8,H2-10-1,RIITILDVAH,10,60,H3-21-*,AGVYEGEADEGEYDNNGFLKH,21
2DD8H,Homo.sapiens,Hu_IGHV1-69*02,95.9,Hu_IGHV1-69*02,H1-13-10,KASGGTFSSYTIS,13,100,H2-10-1,GITPILGIAN,10,80,H3-11-*,ARDTVMGGMDV,11
2G75A,Homo.sapiens,Hu_IGHV1-69*02,95.9,Hu_IGHV1-69*02,H1-13-10,KASGGTFSSYTIS,13,100,H2-10-1,GITPILGIAN,10,80,H3-11-*,ARDTVMGGMDV,11
2G75C,Homo.sapiens,Hu_IGHV1-69*02,95.9,Hu_IGHV1-69*02,H1-13-10,KASGGTFSSYTIS,13,100,H2-10-1,GITPILGIAN,10,80,H3-11-*,ARDTVMGGMDV,11
2I5YH,Homo.sapiens,Hu_IGHV1-69*02,84.9,Hu_IGHV1-69*02,H1-13-1,KASGDTFIRYSFT,13,53.8,H2-10-1,RIITILDVAH,10,60,H3-21-*,AGVYEGEADEGEYDNNGFLKH,21
2I5YR,Homo.sapiens,Hu_IGHV1-69*02,84.9,Hu_IGHV1-69*02,H1-13-1,KASGDTFIRYSFT,13,53.8,H2-10-1,RIITILDVAH,10,60,H3-21-*,AGVYEGEADEGEYDNNGFLKH,21
2I60H,Homo.sapiens,Hu_IGHV1-69*02,84.9,Hu_IGHV1-69*02,H1-13-1,KASGDTFIRYSFT,13,53.8,H2-10-1,RIITILDVAH,10,60,H3-21-*,AGVYEGEADEGEYDNNGFLKH,21
2I60R,Homo.sapiens,Hu_IGHV1-69*02,84.9,Hu_IGHV1-69*02,H1-13-1,KASGDTFIRYSFT,13,53.8,H2-10-1,RIITILDVAH,10,60,H3-21-*,AGVYEGEADEGEYDNNGFLKH,21
2NXYD,Homo.sapiens,Hu_IGHV1-69*02,84.9,Hu_IGHV1-69*02,H1-13-1,KASGDTFIRYSFT,13,53.8,H2-10-1,RIITILDVAH,10,60,H3-21-*,AGVYEGEADEGEYDNNGFLKH,21
2NXZD,Homo.sapiens,Hu_IGHV1-69*02,84.9,Hu_IGHV1-69*02,H1-13-1,KASGDTFIRYSFT,13,53.8,H2-10-1,RIITILDVAH,10,60,H3-21-*,AGVYEGEADEGEYDNNGFLKH,21
2NY0D,Homo.sapiens,Hu_IGHV1-69*02,84.9,Hu_IGHV1-69*02,H1-13-1,KASGDTFIRYSFT,13,53.8,H2-10-1,RIITILDVAH,10,60,H3-21-*,AGVYEGEADEGEYDNNGFLKH,21
2NY1D,Homo.sapiens,Hu_IGHV1-69*02,84.9,Hu_IGHV1-69*02,H1-13-1,KASGDTFIRYSFT,13,53.8,H2-10-1,RIITILDVAH,10,60,H3-21-*,AGVYEGEADEGEYDNNGFLKH,21
2NY2D,Homo.sapiens,Hu_IGHV1-69*02,84.9,Hu_IGHV1-69*02,H1-13-1,KASGDTFIRYSFT,13,53.8,H2-10-1,RIITILDVAH,10,60,H3-21-*,AGVYEGEADEGEYDNNGFLKH,21
2NY3D,Homo.sapiens,Hu_IGHV1-69*02,84.9,Hu_IGHV1-69*02,H1-13-1,KASGDTFIRYSFT,13,53.8,H2-10-1,RIITILDVAH,10,60,H3-21-*,AGVYEGEADEGEYDNNGFLKH,21
2NY4D,Homo.sapiens,Hu_IGHV1-69*02,84.9,Hu_IGHV1-69*02,H1-13-1,KASGDTFIRYSFT,13,53.8,H2-10-1,RIITILDVAH,10,60,H3-21-*,AGVYEGEADEGEYDNNGFLKH,21
2NY5H,Homo.sapiens,Hu_IGHV1-69*02,84.9,Hu_IGHV1-69*02,H1-13-1,KASGDTFIRYSFT,13,53.8,H2-10-1,RIITILDVAH,10,60,H3-21-*,AGVYEGEADEGEYDNNGFLKH,21
2NY6D,Homo.sapiens,Hu_IGHV1-69*02,84.9,Hu_IGHV1-69*02,H1-13-1,KASGDTFIRYSFT,13,53.8,H2-10-1,RIITILDVAH,10,60,H3-21-*,AGVYEGEADEGEYDNNGFLKH,21
3H3PH,Homo.sapiens,Hu_IGHV1-69*02,86.3,Hu_IGHV1-69*02,H1-13-1,KASGGSFSTYALS,13,69.2,H2-10-6,GVIPLLTITN,10,50,-,-,20
3H3PI,Homo.sapiens,Hu_IGHV1-69*02,86.3,Hu_IGHV1-69*02,H1-13-1,KASGGSFSTYALS,13,69.2,H2-10-6,GVIPLLTITN,10,50,-,-,20
3LH2H,Homo.sapiens,Hu_IGHV1-69*02,86.3,Hu_IGHV1-69*02,H1-13-1,KASGGSFSTYALS,13,69.2,H2-10-1,GVIPLLTITN,10,50,-,-,20
3LH2I,Homo.sapiens,Hu_IGHV1-69*02,86.3,Hu_IGHV1-69*02,H1-13-1,KASGGSFSTYALS,13,69.2,H2-10-1,GVIPLLTITN,10,50,-,-,20
3LH2J,Homo.sapiens,Hu_IGHV1-69*02,86.3,Hu_IGHV1-69*02,H1-13-1,KASGGSFSTYALS,13,69.2,H2-10-1,GVIPLLTITN,10,50,H3-20-*,AREGTTGAGWLGKPIGAFAH,20
3LH2K,Homo.sapiens,Hu_IGHV1-69*02,86.3,Hu_IGHV1-69*02,H1-13-1,KASGGSFSTYALS,13,69.2,H2-10-1,GVIPLLTITN,10,50,H3-20-*,AREGTTGAGWLGKPIGAFAH,20
3LHPH,Homo.sapiens,Hu_IGHV1-69*02,86.3,Hu_IGHV1-69*02,H1-13-1,KASGGSFSTYALS,13,69.2,H2-10-1,GVIPLLTITN,10,50,-,-,20
3LHPI,Homo.sapiens,Hu_IGHV1-69*02,86.3,Hu_IGHV1-69*02,H1-13-1,KASGGSFSTYALS,13,69.2,H2-10-1,GVIPLLTITN,10,50,-,-,20
3W9DA,Homo.sapiens,Hu_IGHV1-69*02,87.7,Hu_IGHV1-69*02,H1-13-3,TASGGTLRTYGVS,13,53.8,H2-10-*,RTIPLFGKTD,10,40,H3-15-*,ARDLTTLTSYNWWDL,15
3W9DC,Homo.sapiens,Hu_IGHV1-69*02,87.7,Hu_IGHV1-69*02,H1-13-1,TASGGTLRTYGVS,13,53.8,H2-10-1,RTIPLFGKTD,10,40,H3-15-*,ARDLTTLTSYNWWDL,15
3W9EA,Homo.sapiens,Hu_IGHV1-69*02,87.7,Hu_IGHV1-69*02,H1-13-1,TASGGTLRTYGVS,13,53.8,H2-10-1,RTIPLFGKTD,10,40,H3-15-*,ARDLTTLTSYNWWDL,15
4D9LH,Homo.sapiens,Hu_IGHV1-69*02,93.2,Hu_IGHV1-69*02,H1-13-1,KASGGNFNTYTIS,13,76.9,H2-10-1,RIIPIFGIVN,10,80,H3-14-*,ATSGVGLHFGYFDY,14
4D9LI,Homo.sapiens,Hu_IGHV1-69*02,93.2,Hu_IGHV1-69*02,H1-13-1,KASGGNFNTYTIS,13,76.9,H2-10-1,RIIPIFGIVN,10,80,H3-14-*,ATSGVGLHFGYFDY,14
4D9LJ,Homo.sapiens,Hu_IGHV1-69*02,93.2,Hu_IGHV1-69*02,H1-13-1,KASGGNFNTYTIS,13,76.9,H2-10-1,RIIPIFGIVN,10,80,H3-14-*,ATSGVGLHFGYFDY,14
4D9LK,Homo.sapiens,Hu_IGHV1-69*02,93.2,Hu_IGHV1-69*02,H1-13-1,KASGGNFNTYTIS,13,76.9,H2-10-1,RIIPIFGIVN,10,80,H3-14-*,ATSGVGLHFGYFDY,14
4JM2D,Homo.sapiens,Hu_IGHV1-69*02,84.9,Hu_IGHV1-69*02,H1-13-1,KASGDTFIRYSFT,13,53.8,H2-10-1,RIITILDVAH,10,60,H3-21-*,AGVYEGEADEGEYDNNGFLKH,21
4OAWB,Homo.sapiens,Hu_IGHV1-69*02,93.2,Hu_IGHV1-69*02,H1-13-cis4-*,EASGVTSSSYTIS,13,76.9,H2-10-1,RITPIFDITN,10,60,H3-23-*,ARDKSDVVVVTSIRPAYYYGMDV,23
4OAWD,Homo.sapiens,Hu_IGHV1-69*02,93.2,Hu_IGHV1-69*02,H1-13-cis4-*,EASGVTSSSYTIS,13,76.9,H2-10-1,RITPIFDITN,10,60,H3-23-*,ARDKSDVVVVTSIRPAYYYGMDV,23
4RQSD,Homo.sapiens,Hu_IGHV1-69*02,84.9,Hu_IGHV1-69*02,H1-13-1,KASGDTFIRYSFT,13,53.8,H2-10-1,RIITILDVAH,10,60,H3-21-*,AGVYEGEADEGEYDNNGFLKH,21
5A7XD,Homo.sapiens,Hu_IGHV1-69*02,84.9,Hu_IGHV1-69*02,H1-13-1,KASGDTFIRYSFT,13,53.8,H2-10-1,RIITILDVAH,10,60,H3-21-*,AGVYEGEADEGEYDNNGFLKH,21
5A7XH,Homo.sapiens,Hu_IGHV1-69*02,84.9,Hu_IGHV1-69*02,H1-13-1,KASGDTFIRYSFT,13,53.8,H2-10-1,RIITILDVAH,10,60,H3-21-*,AGVYEGEADEGEYDNNGFLKH,21
5A7XL,Homo.sapiens,Hu_IGHV1-69*02,84.9,Hu_IGHV1-69*02,H1-13-1,KASGDTFIRYSFT,13,53.8,H2-10-1,RIITILDVAH,10,60,H3-21-*,AGVYEGEADEGEYDNNGFLKH,21
5A8HD,Homo.sapiens,Hu_IGHV1-69*02,84.9,Hu_IGHV1-69*02,H1-13-1,KASGDTFIRYSFT,13,53.8,H2-10-1,RIITILDVAH,10,60,H3-21-*,AGVYEGEADEGEYDNNGFLKH,21
5A8HJ,Homo.sapiens,Hu_IGHV1-69*02,84.9,Hu_IGHV1-69*02,H1-13-1,KASGDTFIRYSFT,13,53.8,H2-10-1,RIITILDVAH,10,60,H3-21-*,AGVYEGEADEGEYDNNGFLKH,21
5A8HP,Homo.sapiens,Hu_IGHV1-69*02,84.9,Hu_IGHV1-69*02,H1-13-1,KASGDTFIRYSFT,13,53.8,H2-10-1,RIITILDVAH,10,60,H3-21-*,AGVYEGEADEGEYDNNGFLKH,21
5CINH,Homo.sapiens,Hu_IGHV1-69*02,86.1,Hu_IGHV1-69*02,H1-13-1,KASGGSFSTYALS,13,69.2,H2-10-1,GVIPLLTITN,10,50,H3-18-*,AREGTTGSGGKPIGAFAH,18
5CIPA,Homo.sapiens,Hu_IGHV1-69*02,86.1,Hu_IGHV1-69*02,H1-13-1,KASGGSFSTYALS,13,69.2,H2-10-1,GVIPLLTITN,10,50,H3-20-*,AREGTTGWGWLGKPIGAFAH,20
5CIPH,Homo.sapiens,Hu_IGHV1-69*02,86.1,Hu_IGHV1-69*02,H1-13-1,KASGGSFSTYALS,13,69.2,H2-10-1,GVIPLLTITN,10,50,H3-20-*,AREGTTGWGWLGKPIGAFAH,20
5GMQB,Homo.sapiens,Hu_IGHV1-69*02,95.8,Hu_IGHV1-69*02,H1-13-1,KASGGTFSSYAIS,13,92.3,H2-10-1,RIIPILGIAN,10,100,H3-17-*,ASKQGDYYDRTSYAFDI,17
5THRM,Homo.sapiens,Hu_IGHV1-69*02,84.9,Hu_IGHV1-69*02,H1-13-1,KASGDTFIRYSFT,13,53.8,H2-10-1,RIITILDVAH,10,60,H3-21-*,AGVYEGEADEGEYDNNGFLKH,21
5THRN,Homo.sapiens,Hu_IGHV1-69*02,84.9,Hu_IGHV1-69*02,H1-13-1,KASGDTFIRYSFT,13,53.8,H2-10-1,RIITILDVAH,10,60,H3-21-*,AGVYEGEADEGEYDNNGFLKH,21
5THRO,Homo.sapiens,Hu_IGHV1-69*02,84.9,Hu_IGHV1-69*02,H1-13-1,KASGDTFIRYSFT,13,53.8,H2-10-1,RIITILDVAH,10,60,H3-21-*,AGVYEGEADEGEYDNNGFLKH,21
5VN3H,Homo.sapiens,Hu_IGHV1-69*02,84.9,Hu_IGHV1-69*02,H1-13-1,KASGDTFIRYSFT,13,53.8,H2-10-*,RIITILDVAH,10,60,H3-21-*,AGVYEGEADEGEYDNNGFLKH,21
5VN3K,Homo.sapiens,Hu_IGHV1-69*02,84.9,Hu_IGHV1-69*02,H1-13-1,KASGDTFIRYSFT,13,53.8,H2-10-*,RIITILDVAH,10,60,H3-21-*,AGVYEGEADEGEYDNNGFLKH,21
5VN3M,Homo.sapiens,Hu_IGHV1-69*02,84.9,Hu_IGHV1-69*02,H1-13-1,KASGDTFIRYSFT,13,53.8,H2-10-*,RIITILDVAH,10,60,H3-21-*,AGVYEGEADEGEYDNNGFLKH,21
5W4LB,Homo.sapiens,Hu_IGHV1-69*02,89,Hu_IGHV1-69*02,H1-13-*,KASGGSFSRYTVN,13,69.2,H2-10-7,RFIPIFNMPD,10,40,H3-11-*,ASRQHHEYFQE,11
5W4LD,Homo.sapiens,Hu_IGHV1-69*02,89,Hu_IGHV1-69*02,H1-13-*,KASGGSFSRYTVN,13,69.2,H2-10-cis7-*,RFIPIFNMPD,10,40,H3-11-*,ASRQHHEYFQE,11
6CM3K,Homo.sapiens,Hu_IGHV1-69*02,84.9,Hu_IGHV1-69*02,H1-13-1,KASGDTFIRYSFT,13,53.8,H2-10-1,RIITILDVAH,10,60,H3-21-*,AGVYEGEADEGEYDNNGFLKH,21
6CM3M,Homo.sapiens,Hu_IGHV1-69*02,84.9,Hu_IGHV1-69*02,H1-13-1,KASGDTFIRYSFT,13,53.8,H2-10-1,RIITILDVAH,10,60,H3-21-*,AGVYEGEADEGEYDNNGFLKH,21
6CM3O,Homo.sapiens,Hu_IGHV1-69*02,84.9,Hu_IGHV1-69*02,H1-13-1,KASGDTFIRYSFT,13,53.8,H2-10-1,RIITILDVAH,10,60,H3-21-*,AGVYEGEADEGEYDNNGFLKH,21
6IAPH,Synthetic.construct,Hu_IGHV1-69*02,91.8,Hu_IGHV1-69*02,H1-13-1,KASGYTFSDYVIN,13,69.2,H2-10-1,EIYPGSGTNY,10,30,H3-13-*,ARRGRYGLYAMDY,13
6IASH,Synthetic.construct,Hu_IGHV1-69*02,91.8,Hu_IGHV1-69*02,H1-13-1,KASGYTFSDYVIN,13,69.2,H2-10-1,EIYPGSGTNY,10,30,H3-13-*,ARRGRYGLYAMDY,13
6MTOH,Homo.sapiens,Hu_IGHV1-69*02,83.6,Hu_IGHV1-69*02,H1-13-2,KASGGSFSTYTLS,13,76.9,H2-10-1,GIIPLLGLPN,10,60,H3-17-*,AREGAGWFGKPVGAMGY,17
6MTPA,Homo.sapiens,Hu_IGHV1-69*02,88.9,Hu_IGHV1-69*02,H1-13-1,KASGGTFSTLTLT,13,69.2,H2-10-1,GIIPLLSLPN,10,50,H3-17-*,AREASGWFDKPLGAMGV,17
6MTPH,Homo.sapiens,Hu_IGHV1-69*02,88.9,Hu_IGHV1-69*02,H1-13-2,KASGGTFSTLTLT,13,69.2,H2-10-1,GIIPLLSLPN,10,50,H3-17-*,AREASGWFDKPLGAMGV,17
6MTQH,Homo.sapiens,Hu_IGHV1-69*02,89,Hu_IGHV1-69*02,H1-13-1,KSSGGSFSDYTLS,13,69.2,H2-10-1,SIVPLLNLVN,10,40,H3-20-*,AREGAEGWGWFAKPVGALGV,20
6MTTH,Homo.sapiens,Hu_IGHV1-69*02,84.9,Hu_IGHV1-69*02,H1-13-1,KASGGTFSTYTFS,13,84.6,H2-10-1,GILPLLNIAN,10,60,H3-16-*,ARHSNSWFSPKWYFDV,16
