IGHV1-69*01,,,,,,,,,,,,,
PDB Code: 2cmr,,,,,,,,,,,,,
Res name,Res no ,Res Symbol,CDR,,,,,,,,,,
GLN ,39  ,G ,CDR2,,,,,,,,,,
GLN ,39  ,G ,CDR2,,,,,,,,,,
ASP ,95  ,A ,CDR3,,,,,,,,,,
THR ,98  ,T ,CDR3,,,,,,,,,,
SER ,100 ,S ,CDR3,,,,,,,,,,
SER ,100 ,S ,CDR3,,,,,,,,,,
SER ,100 ,S ,CDR3,,,,,,,,,,
HIS ,164 ,H ,CDR3,,,,,,,,,,
PRO ,167 ,P ,CDR3,,,,,,,,,,
LEU ,170 ,L ,CDR3,,,,,,,,,,
SER ,179 ,S ,CDR3,,,,,,,,,,
SER ,179 ,S ,CDR3,,,,,,,,,,
PDB Code: 2fx7,,,,,,,,,,,,,
PHE ,100 ,P ,CDR3,,,,,,,,,,
GLN ,39  ,G ,CDR2,,,,,,,,,,
GLN ,39  ,G ,CDR2,,,,,,,,,,
LYS ,228 ,L ,CDR3,,,,,,,,,,
HIS ,172 ,H ,CDR3,,,,,,,,,,
PRO ,175 ,P ,CDR3,,,,,,,,,,
SER ,188 ,S ,CDR3,,,,,,,,,,
SER ,188 ,S ,CDR3,,,,,,,,,,
PDB Code: 2fx8,,,,,,,,,,,,,
PHE ,100 ,P ,CDR3,,,,,,,,,,
GLN ,39  ,G ,CDR2,,,,,,,,,,
GLN ,39  ,G ,CDR2,,,,,,,,,,
SER ,134 ,S ,CDR3,,,,,,,,,,
LYS ,221 ,L ,CDR3,,,,,,,,,,
HIS ,172 ,H ,CDR3,,,,,,,,,,
PRO ,175 ,P ,CDR3,,,,,,,,,,
SER ,188 ,S ,CDR3,,,,,,,,,,
SER ,188 ,S ,CDR3,,,,,,,,,,
IGHV1-69*02,,,,,,,,,,,,,
PDB Code: 1yym,,,,,,,,,,,,,
Res name,Res no ,Res Symbol,CDR,,,,,,,,,,
LEU ,100 ,L ,CDR3,,,,,,,,,,
GLN , 39 ,G ,CDR2,,,,,,,,,,
GLN , 39 ,G ,CDR2,,,,,,,,,,
LYS ,101 ,L ,CDR3,,,,,,,,,,
LYS ,101 ,L ,CDR3,,,,,,,,,,
GLY ,100 ,G ,CDR3,,,,,,,,,,
GLY , 44 ,G ,CDR2,,,,,,,,,,
LYS ,129 ,L ,CDR3,,,,,,,,,,
LYS ,209 ,L ,CDR3,,,,,,,,,,
HIS ,164 ,H ,CDR3,,,,,,,,,,
PRO ,167 ,P ,CDR3,,,,,,,,,,
PDB Code: 2dd8,,,,,,,,,,,,,
GLN , 39 ,G ,CDR2,,,,,,,,,,
GLN , 39 ,G ,CDR2,,,,,,,,,,
ASP , 95 ,A ,CDR3,,,,,,,,,,
GLY , 99 ,G ,CDR3,,,,,,,,,,
MET ,100 ,M ,CDR3,,,,,,,,,,
LYS ,129 ,L ,CDR3,,,,,,,,,,
LYS ,143 ,L ,CDR3,,,,,,,,,,
ASP ,144 ,A ,CDR3,,,,,,,,,,
SER ,172 ,S ,CDR3,,,,,,,,,,
SER ,179 ,S ,CDR3,,,,,,,,,,
SER ,179 ,S ,CDR3,,,,,,,,,,
LYS ,209 ,L ,CDR3,,,,,,,,,,
IGHV1-8*01,,,,,,,,,,,,,
PDB Code: 3x3f,,,,,,,,,,,,,
Res name,Res no ,Res Symbol,CDR,,,,,,,,,,
GLN , 39 ,G ,CDR2,,,,,,,,,,
GLN , 39 ,G ,CDR2,,,,,,,,,,
TYR ,106 ,T ,CDR3,,,,,,,,,,
TYR ,106 ,T ,CDR3,,,,,,,,,,
ARG ,107 ,A ,CDR3,,,,,,,,,,
MET ,113 ,M ,CDR3,,,,,,,,,,
HIS ,177 ,H ,CDR3,,,,,,,,,,
PRO ,180 ,P ,CDR3,,,,,,,,,,
LEU ,183 ,L ,CDR3,,,,,,,,,,
SER ,192 ,S ,CDR3,,,,,,,,,,
SER ,192 ,S ,CDR3,,,,,,,,,,
PDB Code: 4xmp,,,,,,,,,,,,,
GLN ,39  ,G ,CDR2,,,,,,,,,,
GLN ,39  ,G ,CDR2,,,,,,,,,,
LYS ,89  ,L ,CDR3,,,,,,,,,,
SER ,132 ,S ,CDR3,,,,,,,,,,
HIS ,164 ,H ,CDR3,,,,,,,,,,
IGHV1-46*01,,,,,,,,,,,,,
PDB Code: 4lsp,,,,,,,,,,,,,
Res name,Res no ,Res Symbol,CDR,,,,,,,,,,
GLN ,39  ,G ,CDR2,,,,,,,,,,
GLN ,39  ,G ,CDR2,,,,,,,,,,
SER ,100 ,S ,CDR3,,,,,,,,,,
TRP ,100 ,T ,CDR3,,,,,,,,,,
TYR ,100 ,T ,CDR3,,,,,,,,,,
HIS ,164 ,H ,CDR3,,,,,,,,,,
PRO ,167 ,P ,CDR3,,,,,,,,,,
LEU ,170 ,L ,CDR3,,,,,,,,,,
LYS ,209 ,L ,CDR3,,,,,,,,,,
PDB Code: 5f9o,,,,,,,,,,,,,
GLN ,39  ,G ,CDR2,,,,,,,,,,
TYR ,95  ,T ,CDR3,,,,,,,,,,
LEU ,107 ,L ,CDR3,,,,,,,,,,
TYR ,109 ,T ,CDR3,,,,,,,,,,
HIS ,173 ,H ,CDR3,,,,,,,,,,
PRO ,176 ,P ,CDR3,,,,,,,,,,
LEU ,179 ,L ,CDR3,,,,,,,,,,
LYS ,218 ,L ,CDR3,,,,,,,,,,
IGHV3-21*01,,,,,,,,,,,,,
PDB Code: 6cxg,,,,,,,,,,,,,
Res name,Res no ,Res Symbol,CDR,,,,,,,,,,
PHE ,100 ,P ,CDR3,,,,,,,,,,
TYR ,91  ,T ,CDR3,,,,,,,,,,
ASN ,100 ,A ,CDR3,,,,,,,,,,
LYS ,95  ,L ,CDR3,,,,,,,,,,
PDB Code: 6mu3,,,,,,,,,,,,,
PHE ,100 ,P ,CDR3,,,,,,,,,,
TYR ,91  ,T ,CDR3,,,,,,,,,,
ASN ,100 ,A ,CDR3,,,,,,,,,,
LYS ,95  ,L ,CDR3,,,,,,,,,,
,,,,,,,,,,,,,
,,,,,,,,,,,,,
,,,,,,,,,,,,,
,,,,,,,,,,,,,
